[
    {
        "id": "1",
        "city_id": "17",
        "province_id": "1",
        "title": "Badung"
    },
    {
        "id": "2",
        "city_id": "32",
        "province_id": "1",
        "title": "Bangli"
    },
    {
        "id": "3",
        "city_id": "94",
        "province_id": "1",
        "title": "Buleleng"
    },
    {
        "id": "4",
        "city_id": "114",
        "province_id": "1",
        "title": "Denpasar"
    },
    {
        "id": "5",
        "city_id": "128",
        "province_id": "1",
        "title": "Gianyar"
    },
    {
        "id": "6",
        "city_id": "161",
        "province_id": "1",
        "title": "Jembrana"
    },
    {
        "id": "7",
        "city_id": "170",
        "province_id": "1",
        "title": "Karangasem"
    },
    {
        "id": "8",
        "city_id": "197",
        "province_id": "1",
        "title": "Klungkung"
    },
    {
        "id": "9",
        "city_id": "447",
        "province_id": "1",
        "title": "Tabanan"
    },
    {
        "id": "10",
        "city_id": "27",
        "province_id": "2",
        "title": "Bangka"
    },
    {
        "id": "11",
        "city_id": "28",
        "province_id": "2",
        "title": "Bangka Barat"
    },
    {
        "id": "12",
        "city_id": "29",
        "province_id": "2",
        "title": "Bangka Selatan"
    },
    {
        "id": "13",
        "city_id": "30",
        "province_id": "2",
        "title": "Bangka Tengah"
    },
    {
        "id": "14",
        "city_id": "56",
        "province_id": "2",
        "title": "Belitung"
    },
    {
        "id": "15",
        "city_id": "57",
        "province_id": "2",
        "title": "Belitung Timur"
    },
    {
        "id": "16",
        "city_id": "334",
        "province_id": "2",
        "title": "Pangkal Pinang"
    },
    {
        "id": "17",
        "city_id": "106",
        "province_id": "3",
        "title": "Cilegon"
    },
    {
        "id": "18",
        "city_id": "232",
        "province_id": "3",
        "title": "Lebak"
    },
    {
        "id": "19",
        "city_id": "331",
        "province_id": "3",
        "title": "Pandeglang"
    },
    {
        "id": "20",
        "city_id": "402",
        "province_id": "3",
        "title": "Serang"
    },
    {
        "id": "21",
        "city_id": "403",
        "province_id": "3",
        "title": "Serang"
    },
    {
        "id": "22",
        "city_id": "455",
        "province_id": "3",
        "title": "Tangerang"
    },
    {
        "id": "23",
        "city_id": "456",
        "province_id": "3",
        "title": "Tangerang"
    },
    {
        "id": "24",
        "city_id": "457",
        "province_id": "3",
        "title": "Tangerang Selatan"
    },
    {
        "id": "25",
        "city_id": "62",
        "province_id": "4",
        "title": "Bengkulu"
    },
    {
        "id": "26",
        "city_id": "63",
        "province_id": "4",
        "title": "Bengkulu Selatan"
    },
    {
        "id": "27",
        "city_id": "64",
        "province_id": "4",
        "title": "Bengkulu Tengah"
    },
    {
        "id": "28",
        "city_id": "65",
        "province_id": "4",
        "title": "Bengkulu Utara"
    },
    {
        "id": "29",
        "city_id": "175",
        "province_id": "4",
        "title": "Kaur"
    },
    {
        "id": "30",
        "city_id": "183",
        "province_id": "4",
        "title": "Kepahiang"
    },
    {
        "id": "31",
        "city_id": "233",
        "province_id": "4",
        "title": "Lebong"
    },
    {
        "id": "32",
        "city_id": "294",
        "province_id": "4",
        "title": "Muko Muko"
    },
    {
        "id": "33",
        "city_id": "379",
        "province_id": "4",
        "title": "Rejang Lebong"
    },
    {
        "id": "34",
        "city_id": "397",
        "province_id": "4",
        "title": "Seluma"
    },
    {
        "id": "35",
        "city_id": "39",
        "province_id": "5",
        "title": "Bantul"
    },
    {
        "id": "36",
        "city_id": "135",
        "province_id": "5",
        "title": "Gunung Kidul"
    },
    {
        "id": "37",
        "city_id": "210",
        "province_id": "5",
        "title": "Kulon Progo"
    },
    {
        "id": "38",
        "city_id": "419",
        "province_id": "5",
        "title": "Sleman"
    },
    {
        "id": "39",
        "city_id": "501",
        "province_id": "5",
        "title": "Yogyakarta"
    },
    {
        "id": "40",
        "city_id": "151",
        "province_id": "6",
        "title": "Jakarta Barat"
    },
    {
        "id": "41",
        "city_id": "152",
        "province_id": "6",
        "title": "Jakarta Pusat"
    },
    {
        "id": "42",
        "city_id": "153",
        "province_id": "6",
        "title": "Jakarta Selatan"
    },
    {
        "id": "43",
        "city_id": "154",
        "province_id": "6",
        "title": "Jakarta Timur"
    },
    {
        "id": "44",
        "city_id": "155",
        "province_id": "6",
        "title": "Jakarta Utara"
    },
    {
        "id": "45",
        "city_id": "189",
        "province_id": "6",
        "title": "Kepulauan Seribu"
    },
    {
        "id": "46",
        "city_id": "77",
        "province_id": "7",
        "title": "Boalemo"
    },
    {
        "id": "47",
        "city_id": "88",
        "province_id": "7",
        "title": "Bone Bolango"
    },
    {
        "id": "48",
        "city_id": "129",
        "province_id": "7",
        "title": "Gorontalo"
    },
    {
        "id": "49",
        "city_id": "130",
        "province_id": "7",
        "title": "Gorontalo"
    },
    {
        "id": "50",
        "city_id": "131",
        "province_id": "7",
        "title": "Gorontalo Utara"
    },
    {
        "id": "51",
        "city_id": "361",
        "province_id": "7",
        "title": "Pohuwato"
    },
    {
        "id": "52",
        "city_id": "50",
        "province_id": "8",
        "title": "Batang Hari"
    },
    {
        "id": "53",
        "city_id": "97",
        "province_id": "8",
        "title": "Bungo"
    },
    {
        "id": "54",
        "city_id": "156",
        "province_id": "8",
        "title": "Jambi"
    },
    {
        "id": "55",
        "city_id": "194",
        "province_id": "8",
        "title": "Kerinci"
    },
    {
        "id": "56",
        "city_id": "280",
        "province_id": "8",
        "title": "Merangin"
    },
    {
        "id": "57",
        "city_id": "293",
        "province_id": "8",
        "title": "Muaro Jambi"
    },
    {
        "id": "58",
        "city_id": "393",
        "province_id": "8",
        "title": "Sarolangun"
    },
    {
        "id": "59",
        "city_id": "442",
        "province_id": "8",
        "title": "Sungaipenuh"
    },
    {
        "id": "60",
        "city_id": "460",
        "province_id": "8",
        "title": "Tanjung Jabung Barat"
    },
    {
        "id": "61",
        "city_id": "461",
        "province_id": "8",
        "title": "Tanjung Jabung Timur"
    },
    {
        "id": "62",
        "city_id": "471",
        "province_id": "8",
        "title": "Tebo"
    },
    {
        "id": "63",
        "city_id": "22",
        "province_id": "9",
        "title": "Bandung"
    },
    {
        "id": "64",
        "city_id": "23",
        "province_id": "9",
        "title": "Bandung"
    },
    {
        "id": "65",
        "city_id": "24",
        "province_id": "9",
        "title": "Bandung Barat"
    },
    {
        "id": "66",
        "city_id": "34",
        "province_id": "9",
        "title": "Banjar"
    },
    {
        "id": "67",
        "city_id": "54",
        "province_id": "9",
        "title": "Bekasi"
    },
    {
        "id": "68",
        "city_id": "55",
        "province_id": "9",
        "title": "Bekasi"
    },
    {
        "id": "69",
        "city_id": "78",
        "province_id": "9",
        "title": "Bogor"
    },
    {
        "id": "70",
        "city_id": "79",
        "province_id": "9",
        "title": "Bogor"
    },
    {
        "id": "71",
        "city_id": "103",
        "province_id": "9",
        "title": "Ciamis"
    },
    {
        "id": "72",
        "city_id": "104",
        "province_id": "9",
        "title": "Cianjur"
    },
    {
        "id": "73",
        "city_id": "107",
        "province_id": "9",
        "title": "Cimahi"
    },
    {
        "id": "74",
        "city_id": "108",
        "province_id": "9",
        "title": "Cirebon"
    },
    {
        "id": "75",
        "city_id": "109",
        "province_id": "9",
        "title": "Cirebon"
    },
    {
        "id": "76",
        "city_id": "115",
        "province_id": "9",
        "title": "Depok"
    },
    {
        "id": "77",
        "city_id": "126",
        "province_id": "9",
        "title": "Garut"
    },
    {
        "id": "78",
        "city_id": "149",
        "province_id": "9",
        "title": "Indramayu"
    },
    {
        "id": "79",
        "city_id": "171",
        "province_id": "9",
        "title": "Karawang"
    },
    {
        "id": "80",
        "city_id": "211",
        "province_id": "9",
        "title": "Kuningan"
    },
    {
        "id": "81",
        "city_id": "252",
        "province_id": "9",
        "title": "Majalengka"
    },
    {
        "id": "82",
        "city_id": "332",
        "province_id": "9",
        "title": "Pangandaran"
    },
    {
        "id": "83",
        "city_id": "376",
        "province_id": "9",
        "title": "Purwakarta"
    },
    {
        "id": "84",
        "city_id": "428",
        "province_id": "9",
        "title": "Subang"
    },
    {
        "id": "85",
        "city_id": "430",
        "province_id": "9",
        "title": "Sukabumi"
    },
    {
        "id": "86",
        "city_id": "431",
        "province_id": "9",
        "title": "Sukabumi"
    },
    {
        "id": "87",
        "city_id": "440",
        "province_id": "9",
        "title": "Sumedang"
    },
    {
        "id": "88",
        "city_id": "468",
        "province_id": "9",
        "title": "Tasikmalaya"
    },
    {
        "id": "89",
        "city_id": "469",
        "province_id": "9",
        "title": "Tasikmalaya"
    },
    {
        "id": "90",
        "city_id": "37",
        "province_id": "10",
        "title": "Banjarnegara"
    },
    {
        "id": "91",
        "city_id": "41",
        "province_id": "10",
        "title": "Banyumas"
    },
    {
        "id": "92",
        "city_id": "49",
        "province_id": "10",
        "title": "Batang"
    },
    {
        "id": "93",
        "city_id": "76",
        "province_id": "10",
        "title": "Blora"
    },
    {
        "id": "94",
        "city_id": "91",
        "province_id": "10",
        "title": "Boyolali"
    },
    {
        "id": "95",
        "city_id": "92",
        "province_id": "10",
        "title": "Brebes"
    },
    {
        "id": "96",
        "city_id": "105",
        "province_id": "10",
        "title": "Cilacap"
    },
    {
        "id": "97",
        "city_id": "113",
        "province_id": "10",
        "title": "Demak"
    },
    {
        "id": "98",
        "city_id": "134",
        "province_id": "10",
        "title": "Grobogan"
    },
    {
        "id": "99",
        "city_id": "163",
        "province_id": "10",
        "title": "Jepara"
    },
    {
        "id": "100",
        "city_id": "169",
        "province_id": "10",
        "title": "Karanganyar"
    },
    {
        "id": "101",
        "city_id": "177",
        "province_id": "10",
        "title": "Kebumen"
    },
    {
        "id": "102",
        "city_id": "181",
        "province_id": "10",
        "title": "Kendal"
    },
    {
        "id": "103",
        "city_id": "196",
        "province_id": "10",
        "title": "Klaten"
    },
    {
        "id": "104",
        "city_id": "209",
        "province_id": "10",
        "title": "Kudus"
    },
    {
        "id": "105",
        "city_id": "249",
        "province_id": "10",
        "title": "Magelang"
    },
    {
        "id": "106",
        "city_id": "250",
        "province_id": "10",
        "title": "Magelang"
    },
    {
        "id": "107",
        "city_id": "344",
        "province_id": "10",
        "title": "Pati"
    },
    {
        "id": "108",
        "city_id": "348",
        "province_id": "10",
        "title": "Pekalongan"
    },
    {
        "id": "109",
        "city_id": "349",
        "province_id": "10",
        "title": "Pekalongan"
    },
    {
        "id": "110",
        "city_id": "352",
        "province_id": "10",
        "title": "Pemalang"
    },
    {
        "id": "111",
        "city_id": "375",
        "province_id": "10",
        "title": "Purbalingga"
    },
    {
        "id": "112",
        "city_id": "377",
        "province_id": "10",
        "title": "Purworejo"
    },
    {
        "id": "113",
        "city_id": "380",
        "province_id": "10",
        "title": "Rembang"
    },
    {
        "id": "114",
        "city_id": "386",
        "province_id": "10",
        "title": "Salatiga"
    },
    {
        "id": "115",
        "city_id": "398",
        "province_id": "10",
        "title": "Semarang"
    },
    {
        "id": "116",
        "city_id": "399",
        "province_id": "10",
        "title": "Semarang"
    },
    {
        "id": "117",
        "city_id": "427",
        "province_id": "10",
        "title": "Sragen"
    },
    {
        "id": "118",
        "city_id": "433",
        "province_id": "10",
        "title": "Sukoharjo"
    },
    {
        "id": "119",
        "city_id": "445",
        "province_id": "10",
        "title": "Surakarta (Solo)"
    },
    {
        "id": "120",
        "city_id": "472",
        "province_id": "10",
        "title": "Tegal"
    },
    {
        "id": "121",
        "city_id": "473",
        "province_id": "10",
        "title": "Tegal"
    },
    {
        "id": "122",
        "city_id": "476",
        "province_id": "10",
        "title": "Temanggung"
    },
    {
        "id": "123",
        "city_id": "497",
        "province_id": "10",
        "title": "Wonogiri"
    },
    {
        "id": "124",
        "city_id": "498",
        "province_id": "10",
        "title": "Wonosobo"
    },
    {
        "id": "125",
        "city_id": "31",
        "province_id": "11",
        "title": "Bangkalan"
    },
    {
        "id": "126",
        "city_id": "42",
        "province_id": "11",
        "title": "Banyuwangi"
    },
    {
        "id": "127",
        "city_id": "51",
        "province_id": "11",
        "title": "Batu"
    },
    {
        "id": "128",
        "city_id": "74",
        "province_id": "11",
        "title": "Blitar"
    },
    {
        "id": "129",
        "city_id": "75",
        "province_id": "11",
        "title": "Blitar"
    },
    {
        "id": "130",
        "city_id": "80",
        "province_id": "11",
        "title": "Bojonegoro"
    },
    {
        "id": "131",
        "city_id": "86",
        "province_id": "11",
        "title": "Bondowoso"
    },
    {
        "id": "132",
        "city_id": "133",
        "province_id": "11",
        "title": "Gresik"
    },
    {
        "id": "133",
        "city_id": "160",
        "province_id": "11",
        "title": "Jember"
    },
    {
        "id": "134",
        "city_id": "164",
        "province_id": "11",
        "title": "Jombang"
    },
    {
        "id": "135",
        "city_id": "178",
        "province_id": "11",
        "title": "Kediri"
    },
    {
        "id": "136",
        "city_id": "179",
        "province_id": "11",
        "title": "Kediri"
    },
    {
        "id": "137",
        "city_id": "222",
        "province_id": "11",
        "title": "Lamongan"
    },
    {
        "id": "138",
        "city_id": "243",
        "province_id": "11",
        "title": "Lumajang"
    },
    {
        "id": "139",
        "city_id": "247",
        "province_id": "11",
        "title": "Madiun"
    },
    {
        "id": "140",
        "city_id": "248",
        "province_id": "11",
        "title": "Madiun"
    },
    {
        "id": "141",
        "city_id": "251",
        "province_id": "11",
        "title": "Magetan"
    },
    {
        "id": "142",
        "city_id": "256",
        "province_id": "11",
        "title": "Malang"
    },
    {
        "id": "143",
        "city_id": "255",
        "province_id": "11",
        "title": "Malang"
    },
    {
        "id": "144",
        "city_id": "289",
        "province_id": "11",
        "title": "Mojokerto"
    },
    {
        "id": "145",
        "city_id": "290",
        "province_id": "11",
        "title": "Mojokerto"
    },
    {
        "id": "146",
        "city_id": "305",
        "province_id": "11",
        "title": "Nganjuk"
    },
    {
        "id": "147",
        "city_id": "306",
        "province_id": "11",
        "title": "Ngawi"
    },
    {
        "id": "148",
        "city_id": "317",
        "province_id": "11",
        "title": "Pacitan"
    },
    {
        "id": "149",
        "city_id": "330",
        "province_id": "11",
        "title": "Pamekasan"
    },
    {
        "id": "150",
        "city_id": "342",
        "province_id": "11",
        "title": "Pasuruan"
    },
    {
        "id": "151",
        "city_id": "343",
        "province_id": "11",
        "title": "Pasuruan"
    },
    {
        "id": "152",
        "city_id": "363",
        "province_id": "11",
        "title": "Ponorogo"
    },
    {
        "id": "153",
        "city_id": "369",
        "province_id": "11",
        "title": "Probolinggo"
    },
    {
        "id": "154",
        "city_id": "370",
        "province_id": "11",
        "title": "Probolinggo"
    },
    {
        "id": "155",
        "city_id": "390",
        "province_id": "11",
        "title": "Sampang"
    },
    {
        "id": "156",
        "city_id": "409",
        "province_id": "11",
        "title": "Sidoarjo"
    },
    {
        "id": "157",
        "city_id": "418",
        "province_id": "11",
        "title": "Situbondo"
    },
    {
        "id": "158",
        "city_id": "441",
        "province_id": "11",
        "title": "Sumenep"
    },
    {
        "id": "159",
        "city_id": "444",
        "province_id": "11",
        "title": "Surabaya"
    },
    {
        "id": "160",
        "city_id": "487",
        "province_id": "11",
        "title": "Trenggalek"
    },
    {
        "id": "161",
        "city_id": "489",
        "province_id": "11",
        "title": "Tuban"
    },
    {
        "id": "162",
        "city_id": "492",
        "province_id": "11",
        "title": "Tulungagung"
    },
    {
        "id": "163",
        "city_id": "61",
        "province_id": "12",
        "title": "Bengkayang"
    },
    {
        "id": "164",
        "city_id": "168",
        "province_id": "12",
        "title": "Kapuas Hulu"
    },
    {
        "id": "165",
        "city_id": "176",
        "province_id": "12",
        "title": "Kayong Utara"
    },
    {
        "id": "166",
        "city_id": "195",
        "province_id": "12",
        "title": "Ketapang"
    },
    {
        "id": "167",
        "city_id": "208",
        "province_id": "12",
        "title": "Kubu Raya"
    },
    {
        "id": "168",
        "city_id": "228",
        "province_id": "12",
        "title": "Landak"
    },
    {
        "id": "169",
        "city_id": "279",
        "province_id": "12",
        "title": "Melawi"
    },
    {
        "id": "170",
        "city_id": "364",
        "province_id": "12",
        "title": "Pontianak"
    },
    {
        "id": "171",
        "city_id": "365",
        "province_id": "12",
        "title": "Pontianak"
    },
    {
        "id": "172",
        "city_id": "388",
        "province_id": "12",
        "title": "Sambas"
    },
    {
        "id": "173",
        "city_id": "391",
        "province_id": "12",
        "title": "Sanggau"
    },
    {
        "id": "174",
        "city_id": "395",
        "province_id": "12",
        "title": "Sekadau"
    },
    {
        "id": "175",
        "city_id": "415",
        "province_id": "12",
        "title": "Singkawang"
    },
    {
        "id": "176",
        "city_id": "417",
        "province_id": "12",
        "title": "Sintang"
    },
    {
        "id": "177",
        "city_id": "18",
        "province_id": "13",
        "title": "Balangan"
    },
    {
        "id": "178",
        "city_id": "33",
        "province_id": "13",
        "title": "Banjar"
    },
    {
        "id": "179",
        "city_id": "35",
        "province_id": "13",
        "title": "Banjarbaru"
    },
    {
        "id": "180",
        "city_id": "36",
        "province_id": "13",
        "title": "Banjarmasin"
    },
    {
        "id": "181",
        "city_id": "43",
        "province_id": "13",
        "title": "Barito Kuala"
    },
    {
        "id": "182",
        "city_id": "143",
        "province_id": "13",
        "title": "Hulu Sungai Selatan"
    },
    {
        "id": "183",
        "city_id": "144",
        "province_id": "13",
        "title": "Hulu Sungai Tengah"
    },
    {
        "id": "184",
        "city_id": "145",
        "province_id": "13",
        "title": "Hulu Sungai Utara"
    },
    {
        "id": "185",
        "city_id": "203",
        "province_id": "13",
        "title": "Kotabaru"
    },
    {
        "id": "186",
        "city_id": "446",
        "province_id": "13",
        "title": "Tabalong"
    },
    {
        "id": "187",
        "city_id": "452",
        "province_id": "13",
        "title": "Tanah Bumbu"
    },
    {
        "id": "188",
        "city_id": "454",
        "province_id": "13",
        "title": "Tanah Laut"
    },
    {
        "id": "189",
        "city_id": "466",
        "province_id": "13",
        "title": "Tapin"
    },
    {
        "id": "190",
        "city_id": "44",
        "province_id": "14",
        "title": "Barito Selatan"
    },
    {
        "id": "191",
        "city_id": "45",
        "province_id": "14",
        "title": "Barito Timur"
    },
    {
        "id": "192",
        "city_id": "46",
        "province_id": "14",
        "title": "Barito Utara"
    },
    {
        "id": "193",
        "city_id": "136",
        "province_id": "14",
        "title": "Gunung Mas"
    },
    {
        "id": "194",
        "city_id": "167",
        "province_id": "14",
        "title": "Kapuas"
    },
    {
        "id": "195",
        "city_id": "174",
        "province_id": "14",
        "title": "Katingan"
    },
    {
        "id": "196",
        "city_id": "205",
        "province_id": "14",
        "title": "Kotawaringin Barat"
    },
    {
        "id": "197",
        "city_id": "206",
        "province_id": "14",
        "title": "Kotawaringin Timur"
    },
    {
        "id": "198",
        "city_id": "221",
        "province_id": "14",
        "title": "Lamandau"
    },
    {
        "id": "199",
        "city_id": "296",
        "province_id": "14",
        "title": "Murung Raya"
    },
    {
        "id": "200",
        "city_id": "326",
        "province_id": "14",
        "title": "Palangka Raya"
    },
    {
        "id": "201",
        "city_id": "371",
        "province_id": "14",
        "title": "Pulang Pisau"
    },
    {
        "id": "202",
        "city_id": "405",
        "province_id": "14",
        "title": "Seruyan"
    },
    {
        "id": "203",
        "city_id": "432",
        "province_id": "14",
        "title": "Sukamara"
    },
    {
        "id": "204",
        "city_id": "19",
        "province_id": "15",
        "title": "Balikpapan"
    },
    {
        "id": "205",
        "city_id": "66",
        "province_id": "15",
        "title": "Berau"
    },
    {
        "id": "206",
        "city_id": "89",
        "province_id": "15",
        "title": "Bontang"
    },
    {
        "id": "207",
        "city_id": "214",
        "province_id": "15",
        "title": "Kutai Barat"
    },
    {
        "id": "208",
        "city_id": "215",
        "province_id": "15",
        "title": "Kutai Kartanegara"
    },
    {
        "id": "209",
        "city_id": "216",
        "province_id": "15",
        "title": "Kutai Timur"
    },
    {
        "id": "210",
        "city_id": "341",
        "province_id": "15",
        "title": "Paser"
    },
    {
        "id": "211",
        "city_id": "354",
        "province_id": "15",
        "title": "Penajam Paser Utara"
    },
    {
        "id": "212",
        "city_id": "387",
        "province_id": "15",
        "title": "Samarinda"
    },
    {
        "id": "213",
        "city_id": "96",
        "province_id": "16",
        "title": "Bulungan (Bulongan)"
    },
    {
        "id": "214",
        "city_id": "257",
        "province_id": "16",
        "title": "Malinau"
    },
    {
        "id": "215",
        "city_id": "311",
        "province_id": "16",
        "title": "Nunukan"
    },
    {
        "id": "216",
        "city_id": "450",
        "province_id": "16",
        "title": "Tana Tidung"
    },
    {
        "id": "217",
        "city_id": "467",
        "province_id": "16",
        "title": "Tarakan"
    },
    {
        "id": "218",
        "city_id": "48",
        "province_id": "17",
        "title": "Batam"
    },
    {
        "id": "219",
        "city_id": "71",
        "province_id": "17",
        "title": "Bintan"
    },
    {
        "id": "220",
        "city_id": "172",
        "province_id": "17",
        "title": "Karimun"
    },
    {
        "id": "221",
        "city_id": "184",
        "province_id": "17",
        "title": "Kepulauan Anambas"
    },
    {
        "id": "222",
        "city_id": "237",
        "province_id": "17",
        "title": "Lingga"
    },
    {
        "id": "223",
        "city_id": "302",
        "province_id": "17",
        "title": "Natuna"
    },
    {
        "id": "224",
        "city_id": "462",
        "province_id": "17",
        "title": "Tanjung Pinang"
    },
    {
        "id": "225",
        "city_id": "21",
        "province_id": "18",
        "title": "Bandar Lampung"
    },
    {
        "id": "226",
        "city_id": "223",
        "province_id": "18",
        "title": "Lampung Barat"
    },
    {
        "id": "227",
        "city_id": "224",
        "province_id": "18",
        "title": "Lampung Selatan"
    },
    {
        "id": "228",
        "city_id": "225",
        "province_id": "18",
        "title": "Lampung Tengah"
    },
    {
        "id": "229",
        "city_id": "226",
        "province_id": "18",
        "title": "Lampung Timur"
    },
    {
        "id": "230",
        "city_id": "227",
        "province_id": "18",
        "title": "Lampung Utara"
    },
    {
        "id": "231",
        "city_id": "282",
        "province_id": "18",
        "title": "Mesuji"
    },
    {
        "id": "232",
        "city_id": "283",
        "province_id": "18",
        "title": "Metro"
    },
    {
        "id": "233",
        "city_id": "355",
        "province_id": "18",
        "title": "Pesawaran"
    },
    {
        "id": "234",
        "city_id": "356",
        "province_id": "18",
        "title": "Pesisir Barat"
    },
    {
        "id": "235",
        "city_id": "368",
        "province_id": "18",
        "title": "Pringsewu"
    },
    {
        "id": "236",
        "city_id": "458",
        "province_id": "18",
        "title": "Tanggamus"
    },
    {
        "id": "237",
        "city_id": "490",
        "province_id": "18",
        "title": "Tulang Bawang"
    },
    {
        "id": "238",
        "city_id": "491",
        "province_id": "18",
        "title": "Tulang Bawang Barat"
    },
    {
        "id": "239",
        "city_id": "496",
        "province_id": "18",
        "title": "Way Kanan"
    },
    {
        "id": "240",
        "city_id": "14",
        "province_id": "19",
        "title": "Ambon"
    },
    {
        "id": "241",
        "city_id": "99",
        "province_id": "19",
        "title": "Buru"
    },
    {
        "id": "242",
        "city_id": "100",
        "province_id": "19",
        "title": "Buru Selatan"
    },
    {
        "id": "243",
        "city_id": "185",
        "province_id": "19",
        "title": "Kepulauan Aru"
    },
    {
        "id": "244",
        "city_id": "258",
        "province_id": "19",
        "title": "Maluku Barat Daya"
    },
    {
        "id": "245",
        "city_id": "259",
        "province_id": "19",
        "title": "Maluku Tengah"
    },
    {
        "id": "246",
        "city_id": "260",
        "province_id": "19",
        "title": "Maluku Tenggara"
    },
    {
        "id": "247",
        "city_id": "261",
        "province_id": "19",
        "title": "Maluku Tenggara Barat"
    },
    {
        "id": "248",
        "city_id": "400",
        "province_id": "19",
        "title": "Seram Bagian Barat"
    },
    {
        "id": "249",
        "city_id": "401",
        "province_id": "19",
        "title": "Seram Bagian Timur"
    },
    {
        "id": "250",
        "city_id": "488",
        "province_id": "19",
        "title": "Tual"
    },
    {
        "id": "251",
        "city_id": "138",
        "province_id": "20",
        "title": "Halmahera Barat"
    },
    {
        "id": "252",
        "city_id": "139",
        "province_id": "20",
        "title": "Halmahera Selatan"
    },
    {
        "id": "253",
        "city_id": "140",
        "province_id": "20",
        "title": "Halmahera Tengah"
    },
    {
        "id": "254",
        "city_id": "141",
        "province_id": "20",
        "title": "Halmahera Timur"
    },
    {
        "id": "255",
        "city_id": "142",
        "province_id": "20",
        "title": "Halmahera Utara"
    },
    {
        "id": "256",
        "city_id": "191",
        "province_id": "20",
        "title": "Kepulauan Sula"
    },
    {
        "id": "257",
        "city_id": "372",
        "province_id": "20",
        "title": "Pulau Morotai"
    },
    {
        "id": "258",
        "city_id": "477",
        "province_id": "20",
        "title": "Ternate"
    },
    {
        "id": "259",
        "city_id": "478",
        "province_id": "20",
        "title": "Tidore Kepulauan"
    },
    {
        "id": "260",
        "city_id": "1",
        "province_id": "21",
        "title": "Aceh Barat"
    },
    {
        "id": "261",
        "city_id": "2",
        "province_id": "21",
        "title": "Aceh Barat Daya"
    },
    {
        "id": "262",
        "city_id": "3",
        "province_id": "21",
        "title": "Aceh Besar"
    },
    {
        "id": "263",
        "city_id": "4",
        "province_id": "21",
        "title": "Aceh Jaya"
    },
    {
        "id": "264",
        "city_id": "5",
        "province_id": "21",
        "title": "Aceh Selatan"
    },
    {
        "id": "265",
        "city_id": "6",
        "province_id": "21",
        "title": "Aceh Singkil"
    },
    {
        "id": "266",
        "city_id": "7",
        "province_id": "21",
        "title": "Aceh Tamiang"
    },
    {
        "id": "267",
        "city_id": "8",
        "province_id": "21",
        "title": "Aceh Tengah"
    },
    {
        "id": "268",
        "city_id": "9",
        "province_id": "21",
        "title": "Aceh Tenggara"
    },
    {
        "id": "269",
        "city_id": "10",
        "province_id": "21",
        "title": "Aceh Timur"
    },
    {
        "id": "270",
        "city_id": "11",
        "province_id": "21",
        "title": "Aceh Utara"
    },
    {
        "id": "271",
        "city_id": "20",
        "province_id": "21",
        "title": "Banda Aceh"
    },
    {
        "id": "272",
        "city_id": "59",
        "province_id": "21",
        "title": "Bener Meriah"
    },
    {
        "id": "273",
        "city_id": "72",
        "province_id": "21",
        "title": "Bireuen"
    },
    {
        "id": "274",
        "city_id": "127",
        "province_id": "21",
        "title": "Gayo Lues"
    },
    {
        "id": "275",
        "city_id": "230",
        "province_id": "21",
        "title": "Langsa"
    },
    {
        "id": "276",
        "city_id": "235",
        "province_id": "21",
        "title": "Lhokseumawe"
    },
    {
        "id": "277",
        "city_id": "300",
        "province_id": "21",
        "title": "Nagan Raya"
    },
    {
        "id": "278",
        "city_id": "358",
        "province_id": "21",
        "title": "Pidie"
    },
    {
        "id": "279",
        "city_id": "359",
        "province_id": "21",
        "title": "Pidie Jaya"
    },
    {
        "id": "280",
        "city_id": "384",
        "province_id": "21",
        "title": "Sabang"
    },
    {
        "id": "281",
        "city_id": "414",
        "province_id": "21",
        "title": "Simeulue"
    },
    {
        "id": "282",
        "city_id": "429",
        "province_id": "21",
        "title": "Subulussalam"
    },
    {
        "id": "283",
        "city_id": "68",
        "province_id": "22",
        "title": "Bima"
    },
    {
        "id": "284",
        "city_id": "69",
        "province_id": "22",
        "title": "Bima"
    },
    {
        "id": "285",
        "city_id": "118",
        "province_id": "22",
        "title": "Dompu"
    },
    {
        "id": "286",
        "city_id": "238",
        "province_id": "22",
        "title": "Lombok Barat"
    },
    {
        "id": "287",
        "city_id": "239",
        "province_id": "22",
        "title": "Lombok Tengah"
    },
    {
        "id": "288",
        "city_id": "240",
        "province_id": "22",
        "title": "Lombok Timur"
    },
    {
        "id": "289",
        "city_id": "241",
        "province_id": "22",
        "title": "Lombok Utara"
    },
    {
        "id": "290",
        "city_id": "276",
        "province_id": "22",
        "title": "Mataram"
    },
    {
        "id": "291",
        "city_id": "438",
        "province_id": "22",
        "title": "Sumbawa"
    },
    {
        "id": "292",
        "city_id": "439",
        "province_id": "22",
        "title": "Sumbawa Barat"
    },
    {
        "id": "293",
        "city_id": "13",
        "province_id": "23",
        "title": "Alor"
    },
    {
        "id": "294",
        "city_id": "58",
        "province_id": "23",
        "title": "Belu"
    },
    {
        "id": "295",
        "city_id": "122",
        "province_id": "23",
        "title": "Ende"
    },
    {
        "id": "296",
        "city_id": "125",
        "province_id": "23",
        "title": "Flores Timur"
    },
    {
        "id": "297",
        "city_id": "212",
        "province_id": "23",
        "title": "Kupang"
    },
    {
        "id": "298",
        "city_id": "213",
        "province_id": "23",
        "title": "Kupang"
    },
    {
        "id": "299",
        "city_id": "234",
        "province_id": "23",
        "title": "Lembata"
    },
    {
        "id": "300",
        "city_id": "269",
        "province_id": "23",
        "title": "Manggarai"
    },
    {
        "id": "301",
        "city_id": "270",
        "province_id": "23",
        "title": "Manggarai Barat"
    },
    {
        "id": "302",
        "city_id": "271",
        "province_id": "23",
        "title": "Manggarai Timur"
    },
    {
        "id": "303",
        "city_id": "301",
        "province_id": "23",
        "title": "Nagekeo"
    },
    {
        "id": "304",
        "city_id": "304",
        "province_id": "23",
        "title": "Ngada"
    },
    {
        "id": "305",
        "city_id": "383",
        "province_id": "23",
        "title": "Rote Ndao"
    },
    {
        "id": "306",
        "city_id": "385",
        "province_id": "23",
        "title": "Sabu Raijua"
    },
    {
        "id": "307",
        "city_id": "412",
        "province_id": "23",
        "title": "Sikka"
    },
    {
        "id": "308",
        "city_id": "434",
        "province_id": "23",
        "title": "Sumba Barat"
    },
    {
        "id": "309",
        "city_id": "435",
        "province_id": "23",
        "title": "Sumba Barat Daya"
    },
    {
        "id": "310",
        "city_id": "436",
        "province_id": "23",
        "title": "Sumba Tengah"
    },
    {
        "id": "311",
        "city_id": "437",
        "province_id": "23",
        "title": "Sumba Timur"
    },
    {
        "id": "312",
        "city_id": "479",
        "province_id": "23",
        "title": "Timor Tengah Selatan"
    },
    {
        "id": "313",
        "city_id": "480",
        "province_id": "23",
        "title": "Timor Tengah Utara"
    },
    {
        "id": "314",
        "city_id": "16",
        "province_id": "24",
        "title": "Asmat"
    },
    {
        "id": "315",
        "city_id": "67",
        "province_id": "24",
        "title": "Biak Numfor"
    },
    {
        "id": "316",
        "city_id": "90",
        "province_id": "24",
        "title": "Boven Digoel"
    },
    {
        "id": "317",
        "city_id": "111",
        "province_id": "24",
        "title": "Deiyai (Deliyai)"
    },
    {
        "id": "318",
        "city_id": "117",
        "province_id": "24",
        "title": "Dogiyai"
    },
    {
        "id": "319",
        "city_id": "150",
        "province_id": "24",
        "title": "Intan Jaya"
    },
    {
        "id": "320",
        "city_id": "157",
        "province_id": "24",
        "title": "Jayapura"
    },
    {
        "id": "321",
        "city_id": "158",
        "province_id": "24",
        "title": "Jayapura"
    },
    {
        "id": "322",
        "city_id": "159",
        "province_id": "24",
        "title": "Jayawijaya"
    },
    {
        "id": "323",
        "city_id": "180",
        "province_id": "24",
        "title": "Keerom"
    },
    {
        "id": "324",
        "city_id": "193",
        "province_id": "24",
        "title": "Kepulauan Yapen (Yapen Waropen)"
    },
    {
        "id": "325",
        "city_id": "231",
        "province_id": "24",
        "title": "Lanny Jaya"
    },
    {
        "id": "326",
        "city_id": "263",
        "province_id": "24",
        "title": "Mamberamo Raya"
    },
    {
        "id": "327",
        "city_id": "264",
        "province_id": "24",
        "title": "Mamberamo Tengah"
    },
    {
        "id": "328",
        "city_id": "274",
        "province_id": "24",
        "title": "Mappi"
    },
    {
        "id": "329",
        "city_id": "281",
        "province_id": "24",
        "title": "Merauke"
    },
    {
        "id": "330",
        "city_id": "284",
        "province_id": "24",
        "title": "Mimika"
    },
    {
        "id": "331",
        "city_id": "299",
        "province_id": "24",
        "title": "Nabire"
    },
    {
        "id": "332",
        "city_id": "303",
        "province_id": "24",
        "title": "Nduga"
    },
    {
        "id": "333",
        "city_id": "335",
        "province_id": "24",
        "title": "Paniai"
    },
    {
        "id": "334",
        "city_id": "347",
        "province_id": "24",
        "title": "Pegunungan Bintang"
    },
    {
        "id": "335",
        "city_id": "373",
        "province_id": "24",
        "title": "Puncak"
    },
    {
        "id": "336",
        "city_id": "374",
        "province_id": "24",
        "title": "Puncak Jaya"
    },
    {
        "id": "337",
        "city_id": "392",
        "province_id": "24",
        "title": "Sarmi"
    },
    {
        "id": "338",
        "city_id": "443",
        "province_id": "24",
        "title": "Supiori"
    },
    {
        "id": "339",
        "city_id": "484",
        "province_id": "24",
        "title": "Tolikara"
    },
    {
        "id": "340",
        "city_id": "495",
        "province_id": "24",
        "title": "Waropen"
    },
    {
        "id": "341",
        "city_id": "499",
        "province_id": "24",
        "title": "Yahukimo"
    },
    {
        "id": "342",
        "city_id": "500",
        "province_id": "24",
        "title": "Yalimo"
    },
    {
        "id": "343",
        "city_id": "124",
        "province_id": "25",
        "title": "Fakfak"
    },
    {
        "id": "344",
        "city_id": "165",
        "province_id": "25",
        "title": "Kaimana"
    },
    {
        "id": "345",
        "city_id": "272",
        "province_id": "25",
        "title": "Manokwari"
    },
    {
        "id": "346",
        "city_id": "273",
        "province_id": "25",
        "title": "Manokwari Selatan"
    },
    {
        "id": "347",
        "city_id": "277",
        "province_id": "25",
        "title": "Maybrat"
    },
    {
        "id": "348",
        "city_id": "346",
        "province_id": "25",
        "title": "Pegunungan Arfak"
    },
    {
        "id": "349",
        "city_id": "378",
        "province_id": "25",
        "title": "Raja Ampat"
    },
    {
        "id": "350",
        "city_id": "424",
        "province_id": "25",
        "title": "Sorong"
    },
    {
        "id": "351",
        "city_id": "425",
        "province_id": "25",
        "title": "Sorong"
    },
    {
        "id": "352",
        "city_id": "426",
        "province_id": "25",
        "title": "Sorong Selatan"
    },
    {
        "id": "353",
        "city_id": "449",
        "province_id": "25",
        "title": "Tambrauw"
    },
    {
        "id": "354",
        "city_id": "474",
        "province_id": "25",
        "title": "Teluk Bintuni"
    },
    {
        "id": "355",
        "city_id": "475",
        "province_id": "25",
        "title": "Teluk Wondama"
    },
    {
        "id": "356",
        "city_id": "60",
        "province_id": "26",
        "title": "Bengkalis"
    },
    {
        "id": "357",
        "city_id": "120",
        "province_id": "26",
        "title": "Dumai"
    },
    {
        "id": "358",
        "city_id": "147",
        "province_id": "26",
        "title": "Indragiri Hilir"
    },
    {
        "id": "359",
        "city_id": "148",
        "province_id": "26",
        "title": "Indragiri Hulu"
    },
    {
        "id": "360",
        "city_id": "166",
        "province_id": "26",
        "title": "Kampar"
    },
    {
        "id": "361",
        "city_id": "187",
        "province_id": "26",
        "title": "Kepulauan Meranti"
    },
    {
        "id": "362",
        "city_id": "207",
        "province_id": "26",
        "title": "Kuantan Singingi"
    },
    {
        "id": "363",
        "city_id": "350",
        "province_id": "26",
        "title": "Pekanbaru"
    },
    {
        "id": "364",
        "city_id": "351",
        "province_id": "26",
        "title": "Pelalawan"
    },
    {
        "id": "365",
        "city_id": "381",
        "province_id": "26",
        "title": "Rokan Hilir"
    },
    {
        "id": "366",
        "city_id": "382",
        "province_id": "26",
        "title": "Rokan Hulu"
    },
    {
        "id": "367",
        "city_id": "406",
        "province_id": "26",
        "title": "Siak"
    },
    {
        "id": "368",
        "city_id": "253",
        "province_id": "27",
        "title": "Majene"
    },
    {
        "id": "369",
        "city_id": "262",
        "province_id": "27",
        "title": "Mamasa"
    },
    {
        "id": "370",
        "city_id": "265",
        "province_id": "27",
        "title": "Mamuju"
    },
    {
        "id": "371",
        "city_id": "266",
        "province_id": "27",
        "title": "Mamuju Utara"
    },
    {
        "id": "372",
        "city_id": "362",
        "province_id": "27",
        "title": "Polewali Mandar"
    },
    {
        "id": "373",
        "city_id": "38",
        "province_id": "28",
        "title": "Bantaeng"
    },
    {
        "id": "374",
        "city_id": "47",
        "province_id": "28",
        "title": "Barru"
    },
    {
        "id": "375",
        "city_id": "87",
        "province_id": "28",
        "title": "Bone"
    },
    {
        "id": "376",
        "city_id": "95",
        "province_id": "28",
        "title": "Bulukumba"
    },
    {
        "id": "377",
        "city_id": "123",
        "province_id": "28",
        "title": "Enrekang"
    },
    {
        "id": "378",
        "city_id": "132",
        "province_id": "28",
        "title": "Gowa"
    },
    {
        "id": "379",
        "city_id": "162",
        "province_id": "28",
        "title": "Jeneponto"
    },
    {
        "id": "380",
        "city_id": "244",
        "province_id": "28",
        "title": "Luwu"
    },
    {
        "id": "381",
        "city_id": "245",
        "province_id": "28",
        "title": "Luwu Timur"
    },
    {
        "id": "382",
        "city_id": "246",
        "province_id": "28",
        "title": "Luwu Utara"
    },
    {
        "id": "383",
        "city_id": "254",
        "province_id": "28",
        "title": "Makassar"
    },
    {
        "id": "384",
        "city_id": "275",
        "province_id": "28",
        "title": "Maros"
    },
    {
        "id": "385",
        "city_id": "328",
        "province_id": "28",
        "title": "Palopo"
    },
    {
        "id": "386",
        "city_id": "333",
        "province_id": "28",
        "title": "Pangkajene Kepulauan"
    },
    {
        "id": "387",
        "city_id": "336",
        "province_id": "28",
        "title": "Parepare"
    },
    {
        "id": "388",
        "city_id": "360",
        "province_id": "28",
        "title": "Pinrang"
    },
    {
        "id": "389",
        "city_id": "396",
        "province_id": "28",
        "title": "Selayar (Kepulauan Selayar)"
    },
    {
        "id": "390",
        "city_id": "408",
        "province_id": "28",
        "title": "Sidenreng Rappang\/Rapang"
    },
    {
        "id": "391",
        "city_id": "416",
        "province_id": "28",
        "title": "Sinjai"
    },
    {
        "id": "392",
        "city_id": "423",
        "province_id": "28",
        "title": "Soppeng"
    },
    {
        "id": "393",
        "city_id": "448",
        "province_id": "28",
        "title": "Takalar"
    },
    {
        "id": "394",
        "city_id": "451",
        "province_id": "28",
        "title": "Tana Toraja"
    },
    {
        "id": "395",
        "city_id": "486",
        "province_id": "28",
        "title": "Toraja Utara"
    },
    {
        "id": "396",
        "city_id": "493",
        "province_id": "28",
        "title": "Wajo"
    },
    {
        "id": "397",
        "city_id": "25",
        "province_id": "29",
        "title": "Banggai"
    },
    {
        "id": "398",
        "city_id": "26",
        "province_id": "29",
        "title": "Banggai Kepulauan"
    },
    {
        "id": "399",
        "city_id": "98",
        "province_id": "29",
        "title": "Buol"
    },
    {
        "id": "400",
        "city_id": "119",
        "province_id": "29",
        "title": "Donggala"
    },
    {
        "id": "401",
        "city_id": "291",
        "province_id": "29",
        "title": "Morowali"
    },
    {
        "id": "402",
        "city_id": "329",
        "province_id": "29",
        "title": "Palu"
    },
    {
        "id": "403",
        "city_id": "338",
        "province_id": "29",
        "title": "Parigi Moutong"
    },
    {
        "id": "404",
        "city_id": "366",
        "province_id": "29",
        "title": "Poso"
    },
    {
        "id": "405",
        "city_id": "410",
        "province_id": "29",
        "title": "Sigi"
    },
    {
        "id": "406",
        "city_id": "482",
        "province_id": "29",
        "title": "Tojo Una-Una"
    },
    {
        "id": "407",
        "city_id": "483",
        "province_id": "29",
        "title": "Toli-Toli"
    },
    {
        "id": "408",
        "city_id": "53",
        "province_id": "30",
        "title": "Bau-Bau"
    },
    {
        "id": "409",
        "city_id": "85",
        "province_id": "30",
        "title": "Bombana"
    },
    {
        "id": "410",
        "city_id": "101",
        "province_id": "30",
        "title": "Buton"
    },
    {
        "id": "411",
        "city_id": "102",
        "province_id": "30",
        "title": "Buton Utara"
    },
    {
        "id": "412",
        "city_id": "182",
        "province_id": "30",
        "title": "Kendari"
    },
    {
        "id": "413",
        "city_id": "198",
        "province_id": "30",
        "title": "Kolaka"
    },
    {
        "id": "414",
        "city_id": "199",
        "province_id": "30",
        "title": "Kolaka Utara"
    },
    {
        "id": "415",
        "city_id": "200",
        "province_id": "30",
        "title": "Konawe"
    },
    {
        "id": "416",
        "city_id": "201",
        "province_id": "30",
        "title": "Konawe Selatan"
    },
    {
        "id": "417",
        "city_id": "202",
        "province_id": "30",
        "title": "Konawe Utara"
    },
    {
        "id": "418",
        "city_id": "295",
        "province_id": "30",
        "title": "Muna"
    },
    {
        "id": "419",
        "city_id": "494",
        "province_id": "30",
        "title": "Wakatobi"
    },
    {
        "id": "420",
        "city_id": "73",
        "province_id": "31",
        "title": "Bitung"
    },
    {
        "id": "421",
        "city_id": "81",
        "province_id": "31",
        "title": "Bolaang Mongondow (Bolmong)"
    },
    {
        "id": "422",
        "city_id": "82",
        "province_id": "31",
        "title": "Bolaang Mongondow Selatan"
    },
    {
        "id": "423",
        "city_id": "83",
        "province_id": "31",
        "title": "Bolaang Mongondow Timur"
    },
    {
        "id": "424",
        "city_id": "84",
        "province_id": "31",
        "title": "Bolaang Mongondow Utara"
    },
    {
        "id": "425",
        "city_id": "188",
        "province_id": "31",
        "title": "Kepulauan Sangihe"
    },
    {
        "id": "426",
        "city_id": "190",
        "province_id": "31",
        "title": "Kepulauan Siau Tagulandang Biaro (Sitaro)"
    },
    {
        "id": "427",
        "city_id": "192",
        "province_id": "31",
        "title": "Kepulauan Talaud"
    },
    {
        "id": "428",
        "city_id": "204",
        "province_id": "31",
        "title": "Kotamobagu"
    },
    {
        "id": "429",
        "city_id": "267",
        "province_id": "31",
        "title": "Manado"
    },
    {
        "id": "430",
        "city_id": "285",
        "province_id": "31",
        "title": "Minahasa"
    },
    {
        "id": "431",
        "city_id": "286",
        "province_id": "31",
        "title": "Minahasa Selatan"
    },
    {
        "id": "432",
        "city_id": "287",
        "province_id": "31",
        "title": "Minahasa Tenggara"
    },
    {
        "id": "433",
        "city_id": "288",
        "province_id": "31",
        "title": "Minahasa Utara"
    },
    {
        "id": "434",
        "city_id": "485",
        "province_id": "31",
        "title": "Tomohon"
    },
    {
        "id": "435",
        "city_id": "12",
        "province_id": "32",
        "title": "Agam"
    },
    {
        "id": "436",
        "city_id": "93",
        "province_id": "32",
        "title": "Bukittinggi"
    },
    {
        "id": "437",
        "city_id": "116",
        "province_id": "32",
        "title": "Dharmasraya"
    },
    {
        "id": "438",
        "city_id": "186",
        "province_id": "32",
        "title": "Kepulauan Mentawai"
    },
    {
        "id": "439",
        "city_id": "236",
        "province_id": "32",
        "title": "Lima Puluh Koto\/Kota"
    },
    {
        "id": "440",
        "city_id": "318",
        "province_id": "32",
        "title": "Padang"
    },
    {
        "id": "441",
        "city_id": "321",
        "province_id": "32",
        "title": "Padang Panjang"
    },
    {
        "id": "442",
        "city_id": "322",
        "province_id": "32",
        "title": "Padang Pariaman"
    },
    {
        "id": "443",
        "city_id": "337",
        "province_id": "32",
        "title": "Pariaman"
    },
    {
        "id": "444",
        "city_id": "339",
        "province_id": "32",
        "title": "Pasaman"
    },
    {
        "id": "445",
        "city_id": "340",
        "province_id": "32",
        "title": "Pasaman Barat"
    },
    {
        "id": "446",
        "city_id": "345",
        "province_id": "32",
        "title": "Payakumbuh"
    },
    {
        "id": "447",
        "city_id": "357",
        "province_id": "32",
        "title": "Pesisir Selatan"
    },
    {
        "id": "448",
        "city_id": "394",
        "province_id": "32",
        "title": "Sawah Lunto"
    },
    {
        "id": "449",
        "city_id": "411",
        "province_id": "32",
        "title": "Sijunjung (Sawah Lunto Sijunjung)"
    },
    {
        "id": "450",
        "city_id": "420",
        "province_id": "32",
        "title": "Solok"
    },
    {
        "id": "451",
        "city_id": "421",
        "province_id": "32",
        "title": "Solok"
    },
    {
        "id": "452",
        "city_id": "422",
        "province_id": "32",
        "title": "Solok Selatan"
    },
    {
        "id": "453",
        "city_id": "453",
        "province_id": "32",
        "title": "Tanah Datar"
    },
    {
        "id": "454",
        "city_id": "40",
        "province_id": "33",
        "title": "Banyuasin"
    },
    {
        "id": "455",
        "city_id": "121",
        "province_id": "33",
        "title": "Empat Lawang"
    },
    {
        "id": "456",
        "city_id": "220",
        "province_id": "33",
        "title": "Lahat"
    },
    {
        "id": "457",
        "city_id": "242",
        "province_id": "33",
        "title": "Lubuk Linggau"
    },
    {
        "id": "458",
        "city_id": "292",
        "province_id": "33",
        "title": "Muara Enim"
    },
    {
        "id": "459",
        "city_id": "297",
        "province_id": "33",
        "title": "Musi Banyuasin"
    },
    {
        "id": "460",
        "city_id": "298",
        "province_id": "33",
        "title": "Musi Rawas"
    },
    {
        "id": "461",
        "city_id": "312",
        "province_id": "33",
        "title": "Ogan Ilir"
    },
    {
        "id": "462",
        "city_id": "313",
        "province_id": "33",
        "title": "Ogan Komering Ilir"
    },
    {
        "id": "463",
        "city_id": "314",
        "province_id": "33",
        "title": "Ogan Komering Ulu"
    },
    {
        "id": "464",
        "city_id": "315",
        "province_id": "33",
        "title": "Ogan Komering Ulu Selatan"
    },
    {
        "id": "465",
        "city_id": "316",
        "province_id": "33",
        "title": "Ogan Komering Ulu Timur"
    },
    {
        "id": "466",
        "city_id": "324",
        "province_id": "33",
        "title": "Pagar Alam"
    },
    {
        "id": "467",
        "city_id": "327",
        "province_id": "33",
        "title": "Palembang"
    },
    {
        "id": "468",
        "city_id": "367",
        "province_id": "33",
        "title": "Prabumulih"
    },
    {
        "id": "469",
        "city_id": "15",
        "province_id": "34",
        "title": "Asahan"
    },
    {
        "id": "470",
        "city_id": "52",
        "province_id": "34",
        "title": "Batu Bara"
    },
    {
        "id": "471",
        "city_id": "70",
        "province_id": "34",
        "title": "Binjai"
    },
    {
        "id": "472",
        "city_id": "110",
        "province_id": "34",
        "title": "Dairi"
    },
    {
        "id": "473",
        "city_id": "112",
        "province_id": "34",
        "title": "Deli Serdang"
    },
    {
        "id": "474",
        "city_id": "137",
        "province_id": "34",
        "title": "Gunungsitoli"
    },
    {
        "id": "475",
        "city_id": "146",
        "province_id": "34",
        "title": "Humbang Hasundutan"
    },
    {
        "id": "476",
        "city_id": "173",
        "province_id": "34",
        "title": "Karo"
    },
    {
        "id": "477",
        "city_id": "217",
        "province_id": "34",
        "title": "Labuhan Batu"
    },
    {
        "id": "478",
        "city_id": "218",
        "province_id": "34",
        "title": "Labuhan Batu Selatan"
    },
    {
        "id": "479",
        "city_id": "219",
        "province_id": "34",
        "title": "Labuhan Batu Utara"
    },
    {
        "id": "480",
        "city_id": "229",
        "province_id": "34",
        "title": "Langkat"
    },
    {
        "id": "481",
        "city_id": "268",
        "province_id": "34",
        "title": "Mandailing Natal"
    },
    {
        "id": "482",
        "city_id": "278",
        "province_id": "34",
        "title": "Medan"
    },
    {
        "id": "483",
        "city_id": "307",
        "province_id": "34",
        "title": "Nias"
    },
    {
        "id": "484",
        "city_id": "308",
        "province_id": "34",
        "title": "Nias Barat"
    },
    {
        "id": "485",
        "city_id": "309",
        "province_id": "34",
        "title": "Nias Selatan"
    },
    {
        "id": "486",
        "city_id": "310",
        "province_id": "34",
        "title": "Nias Utara"
    },
    {
        "id": "487",
        "city_id": "319",
        "province_id": "34",
        "title": "Padang Lawas"
    },
    {
        "id": "488",
        "city_id": "320",
        "province_id": "34",
        "title": "Padang Lawas Utara"
    },
    {
        "id": "489",
        "city_id": "323",
        "province_id": "34",
        "title": "Padang Sidempuan"
    },
    {
        "id": "490",
        "city_id": "325",
        "province_id": "34",
        "title": "Pakpak Bharat"
    },
    {
        "id": "491",
        "city_id": "353",
        "province_id": "34",
        "title": "Pematang Siantar"
    },
    {
        "id": "492",
        "city_id": "389",
        "province_id": "34",
        "title": "Samosir"
    },
    {
        "id": "493",
        "city_id": "404",
        "province_id": "34",
        "title": "Serdang Bedagai"
    },
    {
        "id": "494",
        "city_id": "407",
        "province_id": "34",
        "title": "Sibolga"
    },
    {
        "id": "495",
        "city_id": "413",
        "province_id": "34",
        "title": "Simalungun"
    },
    {
        "id": "496",
        "city_id": "459",
        "province_id": "34",
        "title": "Tanjung Balai"
    },
    {
        "id": "497",
        "city_id": "463",
        "province_id": "34",
        "title": "Tapanuli Selatan"
    },
    {
        "id": "498",
        "city_id": "464",
        "province_id": "34",
        "title": "Tapanuli Tengah"
    },
    {
        "id": "499",
        "city_id": "465",
        "province_id": "34",
        "title": "Tapanuli Utara"
    },
    {
        "id": "500",
        "city_id": "470",
        "province_id": "34",
        "title": "Tebing Tinggi"
    },
    {
        "id": "501",
        "city_id": "481",
        "province_id": "34",
        "title": "Toba Samosir"
    }
]