[
    {
        "id": "1",
        "province_id": "1",
        "title": "Bali"
    },
    {
        "id": "2",
        "province_id": "2",
        "title": "Bangka Belitung"
    },
    {
        "id": "3",
        "province_id": "3",
        "title": "Banten"
    },
    {
        "id": "4",
        "province_id": "4",
        "title": "Bengkulu"
    },
    {
        "id": "5",
        "province_id": "5",
        "title": "DI Yogyakarta"
    },
    {
        "id": "6",
        "province_id": "6",
        "title": "DKI Jakarta"
    },
    {
        "id": "7",
        "province_id": "7",
        "title": "Gorontalo"
    },
    {
        "id": "8",
        "province_id": "8",
        "title": "Jambi"
    },
    {
        "id": "9",
        "province_id": "9",
        "title": "Jawa Barat"
    },
    {
        "id": "10",
        "province_id": "10",
        "title": "Jawa Tengah"
    },
    {
        "id": "11",
        "province_id": "11",
        "title": "Jawa Timur"
    },
    {
        "id": "12",
        "province_id": "12",
        "title": "Kalimantan Barat"
    },
    {
        "id": "13",
        "province_id": "13",
        "title": "Kalimantan Selatan"
    },
    {
        "id": "14",
        "province_id": "14",
        "title": "Kalimantan Tengah"
    },
    {
        "id": "15",
        "province_id": "15",
        "title": "Kalimantan Timur"
    },
    {
        "id": "16",
        "province_id": "16",
        "title": "Kalimantan Utara"
    },
    {
        "id": "17",
        "province_id": "17",
        "title": "Kepulauan Riau"
    },
    {
        "id": "18",
        "province_id": "18",
        "title": "Lampung"
    },
    {
        "id": "19",
        "province_id": "19",
        "title": "Maluku"
    },
    {
        "id": "20",
        "province_id": "20",
        "title": "Maluku Utara"
    },
    {
        "id": "21",
        "province_id": "21",
        "title": "Nanggroe Aceh Darussalam (NAD)"
    },
    {
        "id": "22",
        "province_id": "22",
        "title": "Nusa Tenggara Barat (NTB)"
    },
    {
        "id": "23",
        "province_id": "23",
        "title": "Nusa Tenggara Timur (NTT)"
    },
    {
        "id": "24",
        "province_id": "24",
        "title": "Papua"
    },
    {
        "id": "25",
        "province_id": "25",
        "title": "Papua Barat"
    },
    {
        "id": "26",
        "province_id": "26",
        "title": "Riau"
    },
    {
        "id": "27",
        "province_id": "27",
        "title": "Sulawesi Barat"
    },
    {
        "id": "28",
        "province_id": "28",
        "title": "Sulawesi Selatan"
    },
    {
        "id": "29",
        "province_id": "29",
        "title": "Sulawesi Tengah"
    },
    {
        "id": "30",
        "province_id": "30",
        "title": "Sulawesi Tenggara"
    },
    {
        "id": "31",
        "province_id": "31",
        "title": "Sulawesi Utara"
    },
    {
        "id": "32",
        "province_id": "32",
        "title": "Sumatera Barat"
    },
    {
        "id": "33",
        "province_id": "33",
        "title": "Sumatera Selatan"
    },
    {
        "id": "34",
        "province_id": "34",
        "title": "Sumatera Utara"
    }
]
